{
  "parent": "minecraft:item/generated",
  "textures": {
    "layer0": "minecraft:item/paper"
  },
  "overrides": [
    { "predicate": { "custom_model_data": 441 }, "model": "item/paper/lsd" },
    { "predicate": { "custom_model_data": 448 }, "model": "item/paper/longpapes" },
    { "predicate": { "custom_model_data": 449 }, "model": "item/paper/shortpape" },
    { "predicate": { "custom_model_data": 458 }, "model": "item/paper/xtc" },
    { "predicate": { "custom_model_data": 467 }, "model": "item/paper/drugtest" },
    { "predicate": { "custom_model_data": 468 }, "model": "item/paper/drugtest" }
  ]
}
