{
  "parent": "minecraft:item/generated",
  "textures": {
    "layer0": "minecraft:item/sugar"
  },
  "overrides": [
    { "predicate": { "custom_model_data": 440 }, "model": "item/sugar/hydrogen" },
    { "predicate": { "custom_model_data": 443 }, "model": "item/sugar/sodium" },
    { "predicate": { "custom_model_data": 456 }, "model": "item/sugar/cocaine" },
    { "predicate": { "custom_model_data": 459 }, "model": "item/sugar/isosafrole" },
    { "predicate": { "custom_model_data": 460 }, "model": "item/sugar/piperonal" },
    { "predicate": { "custom_model_data": 461 }, "model": "item/sugar/safrole" },
    { "predicate": { "custom_model_data": 463 }, "model": "item/sugar/speed" }
  ]
}
